{
  "code": 0,
  "message": "操作成功！",
  "data": {
    "publicTime": "2017-09-26 14:42",
    "linkUrl": "http://www.xy12345.cn/html/shzx/ttzx/201709/637.html",
    "files": [{
      "url": "/upload/20170927/150723_8c4g53_19c04832fa1c4c5788d08784ccb62dca.jpg",
      "sname": "mls.jpg",
      "rname": "150723_8c4g53_19c04832fa1c4c5788d08784ccb62dca.jpg",
      "sizetext": "199.45 Kb",
      "status": "server_complete"
    }],
    "id": "2d373963cabd4bf69ed9b35012014ef3",
    "source": "华商报",
    "title": "咸阳渭河半程马拉松赛事期间 部分路段实交通管制",
    "content": "9月22日，咸阳市公安局发布关于2017咸阳渭河半程马拉松赛事期间部分道路交通管制的通告，赛事期间，公安交警部门将对市城区部分路段实施分时、分段临时交通管制措施。临时交通管制路段及时间10月1日上午8时，2017咸阳渭河半程马拉松赛将正式开赛，比赛起点设在渭阳路统一广场，终点设在滨河南路风雨廊桥桥南。为确保活动顺利进行，，活动期间公安交警部门将对市城区部分路段实施分时、分段临时交通管制措施。临时交通管制路段及时间：(一)6时30分至8时30分渭阳路学道门巷口至团结路南口路段及沿线各路口实施临时交通管制;(二)7时30分至9时渭阳路团结路南口—体育场什字—秦皇路—咸阳桥—陈阳转盘路段及沿线各路口实施临时交通管制;(三)7时30分至10时滨河西路全段—渭河北岸河堤路—渭滨花海折返点段及沿线各路口实施临时交通管制;(四)8时30分至比赛结束彩虹二路帝都什字—秦都桥—秦都桥南什字—世纪西路—曹家寨路及沿线各路口实施临时交通管制;(五)7时30分至比赛结束，渭河南岸河堤路曹家寨南口至韩非路口段及沿线各路口实施临时交通管制。管制期间，道路以内路面及路面临时占道停车泊位严禁停放一切社会车辆。参加赛事活动的车辆凭专用通行证通行。管制道路沿线公交线路临时调整，调整路线以公交公司公布的调整线路为准。交通管制期间社会车辆绕行路线管制期间，除参加赛事活动车辆外，禁止所有社会车辆、非机动车和行人在管制路段通行。交通管制期间社会车辆绕行路线：(一)西安至兴平方向的往返过境车辆可经世纪大道—上林大桥—上林北路—208省道旧线(咸宋路)—312国道—城西快速干道通行;(二)西安至泾阳方向的往返过境车辆可经世纪大道—上林大桥—上林北路—周陵转盘—208省道通行;(三)西安至礼泉方向的往返过境车辆可经世纪大道—上林大桥—上林北路—周陵转盘—城西快速干道—312国道通行;(四)户县至泾阳、礼泉方向的往返过境车辆可经咸户路—统一大道—上林大桥—上林北路—208省道旧线(咸宋路)—城西快速干道—312国道通行;(五)连霍高速西宝段咸阳收费站，禁止所有车辆驶出，可由咸阳西收费站驶出高速;(六)交通管制道路沿线单位和市民朋友请提前安排出行时间、路线或择路绕行，交通管制期间禁止所有车辆、非机动车和行人进入管制道路。咸阳交警提醒广大市民，交通管制期间，请过往车辆按照现场设置的交通指示标志，服从交通警察和现场工作人员的指挥疏导，安全有序通行。"
  }
}