{
  "code": 0,
  "message": "操作成功！",
  "data": [
    {
      "publicTime": "2017-09-26 14:42",
      "files": [
        "/upload/20170927/150723_8c4g53_19c04832fa1c4c5788d08784ccb62dca.jpg"
      ],
      "id": "2d373963cabd4bf69ed9b35012014ef3",
      "source": "华商报",
      "title": "咸阳渭河半程马拉松赛事期间 部分路段实交通管制"
    },
    {
      "publicTime": "2017-09-26 14:41",
      "files": [
        "/upload/20170927/151351_rcmn0f_251bfa424cd84def9746922cc1a9b17b.jpg"
      ],
      "id": "48c8c81e2e124affaa689732f7b1af17",
      "source": "华商报",
      "title": "咸阳51、52路公交车9月27日开通运营 详细路线戳这"
    },
    {
      "publicTime": "2017-09-22 07:49",
      "files": [
        "/upload/20170927/151924_jklbr3_1a8d21a5986d4dce8a8c89e13bffb5df.jpg"
      ],
      "id": "12690c6888d940969adab7f97047578f",
      "source": "三秦都市报",
      "title": "银西高铁2020年底通车 西安至银川缩短10小时多"
    },
    {
      "publicTime": "2017-09-21 14:05",
      "files": [
        "/upload/20170927/152234_ij8bhj_76d7cd1d653f4f988354760fd498313e.jpg"
      ],
      "id": "f1f2f466235b45d89ec6b4113f86cfad",
      "source": "华商报",
      "title": "陕西食药监局提示：网购月饼需谨慎 留存购物凭证"
    },
    {
      "publicTime": "2017-09-19 17:11",
      "files": [
        "/upload/20170927/125219_2xadvc_292b5130218049aa95d6ab75449287f7.jpg"
      ],
      "id": "cc621989009245d395f7ddb277273d02",
      "source": "咸阳新闻网",
      "title": "咸阳出台共享单车停放标准 11类区域禁止停放"
    },
    {
      "publicTime": "2017-09-18 17:30",
      "files": [],
      "id": "e11382c7d7df4acaabd24a2c87635633",
      "source": "解放军报",
      "title": "纪念九一八事变86周年 军报：不忘记忆才能捍卫正义"
    },
    {
      "publicTime": "2017-09-14 14:55",
      "files": [
        "/upload/20170927/153028_t0yznd_fe14501a9e57492e89785724b2aebb2e.jpg"
      ],
      "id": "b7aa23431143465ab788ef1e2272c0d1",
      "source": "三秦都市报",
      "title": "明年硕士研考网报即将开始 全省设32个报考点"
    },
    {
      "publicTime": "2017-09-12 15:46",
      "files": [
        "/upload/20170927/091720_b2pi3e_fc2c8aac46544becba8bcee15bcfa1d2.jpg",
        "/upload/20170927/091723_zpgkok_85e6a4867859461b9b44ce1c9e8d62ec.jpg",
        "/upload/20170927/091726_dco4vo_aa31b9a2a9ff40d8aee775a4fed64583.jpg"
      ],
      "id": "4d03d4df0a524a0e967811927b462490",
      "source": "华商报",
      "title": "咸阳市区增加3000个停车位 解决停车难问题"
    }
  ]
}